time,vehicle_id,x,y,speed
387,169,-44.71,-495.41,0.0
388,169,-44.5,-493.28,2.1403270778084886
389,169,-44.14,-489.69,3.6080049889100514
390,169,-43.55,-483.78,5.939377071713859
391,169,-42.73,-475.57,8.25084844122104
392,169,-41.78,-466.03,9.587184153858754
393,169,-40.68,-455.05,11.034962618876385
394,169,-39.54,-443.69,11.417057414237712
395,169,-38.49,-433.16,10.58222093891445
396,169,-37.39,-422.16,11.05486318323298
397,169,-36.32,-411.45,10.763317332495626
398,169,-35.3,-401.24,10.260823553691955
399,169,-34.25,-390.74,10.552369402176934
400,169,-33.2,-380.3,10.492668869262955
401,169,-32.12,-369.5,10.853865670810572
402,169,-31.09,-359.19,10.361322309435222
403,169,-29.99,-348.15,11.094665384769405
404,169,-28.9,-337.21,10.99416663508426
405,169,-27.78,-326.04,11.226009976835005
406,169,-26.72,-315.44,10.652868158388166
407,169,-25.62,-304.48,11.015062414711936
408,169,-24.55,-293.79,10.743416588776586
409,169,-23.5,-283.24,10.602122429023362
410,169,-22.47,-272.94,10.351371889754528
411,169,-21.43,-262.51,10.481722186740122
412,169,-20.34,-251.61,10.954364427021748
413,169,-19.27,-240.92,10.743416588776615
414,169,-18.23,-230.5,10.471771578868578
415,169,-17.1,-219.27,11.286708997754827
416,169,-16.0,-208.22,11.104616157256416
417,169,-14.94,-197.67,10.603117466104024
418,169,-13.86,-186.83,10.893667885519525
419,169,-12.76,-175.84,11.044912856152383
420,169,-11.72,-165.47,10.42201995776251
421,169,-10.59,-154.19,11.33645888273759
422,169,-9.48,-143.04,11.205114903471545
423,169,-8.47,-132.92,10.17027531584077
424,169,-7.38,-122.04,10.9344638643145
425,169,-6.34,-111.61,10.481722186740122
426,169,-5.26,-100.89,10.774265636227835
427,169,-4.15,-89.77,11.175262860443153
428,169,-3.04,-78.62,11.20511490347153
429,169,-1.93,-67.56,11.115561164421708
430,169,-0.92,-57.48,10.130473828997344
431,169,0.13,-46.95,10.582220938914471
432,169,1.14,-36.8,10.200127450184146
433,169,2.14,-26.8,10.049875621120886
434,169,2.7,-21.28,5.548333083007904
435,169,2.8,-20.19,1.0945775440780794
436,169,-0.32,-19.36,3.2285135898738293
437,169,-0.05,-16.65,2.7234169713798884
438,169,0.42,-11.94,4.733392018415546
439,169,0.45,-11.6,0.3413209633175201
440,169,0.46,-11.52,0.08062257748298557
441,169,0.46,-11.51,0.009999999999999787
442,169,0.46,-11.51,0.0
443,169,0.46,-11.51,0.0
444,169,0.46,-11.51,0.0
445,169,0.46,-11.51,0.0
446,169,0.46,-11.51,0.0
447,169,0.46,-11.51,0.0
448,169,0.46,-11.51,0.0
449,169,0.46,-11.51,0.0
450,169,0.46,-11.51,0.0
451,169,0.46,-11.51,0.0
452,169,0.46,-11.51,0.0
453,169,0.46,-11.51,0.0
454,169,0.46,-11.51,0.0
455,169,0.46,-11.51,0.0
456,169,0.46,-11.51,0.0
457,169,0.46,-11.51,0.0
458,169,0.46,-11.51,0.0
459,169,0.46,-11.51,0.0
460,169,0.46,-11.51,0.0
461,169,0.46,-11.51,0.0
462,169,0.46,-11.51,0.0
463,169,0.46,-11.51,0.0
464,169,0.46,-11.51,0.0
465,169,0.46,-11.51,0.0
466,169,0.46,-11.51,0.0
467,169,0.46,-11.51,0.0
468,169,0.46,-11.51,0.0
469,169,0.46,-11.51,0.0
470,169,0.46,-11.51,0.0
471,169,0.46,-11.51,0.0
472,169,0.46,-11.51,0.0
473,169,0.46,-11.51,0.0
474,169,0.46,-11.51,0.0
475,169,0.46,-11.51,0.0
476,169,0.46,-11.51,0.0
477,169,0.46,-11.51,0.0
478,169,0.46,-11.51,0.0
479,169,0.46,-11.51,0.0
480,169,0.46,-11.51,0.0
481,169,0.46,-11.51,0.0
482,169,0.46,-11.51,0.0
483,169,0.46,-11.51,0.0
484,169,0.46,-11.51,0.0
485,169,0.46,-11.51,0.0
486,169,0.62,-9.92,1.5980300372646314
487,169,0.92,-6.96,2.97516386103354
488,169,1.41,-1.96,5.023952627165189
489,169,2.16,5.47,7.467757360814557
490,169,3.03,14.22,8.793145057372817
491,169,4.05,24.36,10.191172650877817
492,169,5.11,34.95,10.642917833000501
493,169,6.15,45.35,10.451870645965725
494,169,7.19,55.77,10.471771578868593
495,169,8.21,65.98,10.260823553691976
496,169,9.29,76.77,10.843915344560738
497,169,10.32,87.13,10.411075832977108
498,169,11.37,97.62,10.54241907723271
499,169,12.45,108.36,10.794165090455115
500,169,13.56,119.53,11.225016703773765
501,169,14.67,130.62,11.145411611959428
502,169,15.8,141.87,11.30660868695826
503,169,19.99,151.69,10.676539701607439
504,169,21.02,162.0,10.361322309435222
505,169,22.13,173.1,11.155361939444182
506,169,23.15,183.23,10.18122291279392
507,169,24.21,193.83,10.652868158388166
508,169,25.31,204.83,11.054863183232978
509,169,26.36,215.33,10.552369402176936
510,169,27.43,226.09,10.813070794182373
511,169,28.55,237.26,11.226009976835034
512,169,29.59,247.66,10.451870645965732
513,169,30.69,258.66,11.054863183233008
514,169,31.77,269.44,10.833965109783186
515,169,32.84,280.11,10.723516214376717
516,169,33.86,290.34,10.280724682628128
517,169,34.89,300.64,10.351371889754528
518,169,35.9,310.75,10.160324797958
519,169,36.97,321.48,10.783218443488957
520,169,38.07,332.46,11.034962618876385
521,169,39.17,343.47,11.064813599876008
522,169,40.3,354.69,11.276759286248835
523,169,41.36,365.37,10.732474085689661
524,169,42.33,375.03,9.708578680733828
525,169,43.37,385.42,10.441920321473484
526,169,44.5,396.68,11.316558664187616
527,169,45.59,407.65,11.024019230752428
528,169,46.73,419.0,11.407107433525841
529,169,47.83,430.05,11.104616157256416
530,169,48.85,440.2,10.201122487255976
531,169,49.96,451.3,11.15536193944421
532,169,50.97,461.45,10.200127450184118
533,169,51.99,471.64,10.240922809981528
534,169,53.13,482.99,11.407107433525841
535,169,54.24,494.14,11.205114903471516
785,343,-44.71,-495.41,0.0
786,343,-44.55,-493.82,1.5980300372646636
787,343,-44.25,-490.83,3.005012479175428
788,343,-43.81,-486.43,4.4219452732931686
789,343,-43.2,-480.29,6.1702269002039
790,343,-42.39,-472.21,8.12049875315554
791,343,-41.39,-462.15,10.109579615394502
792,343,-40.38,-452.03,10.17027531584077
793,343,-39.39,-442.17,9.909576176608118
794,343,-38.46,-432.82,9.396137504315293
795,343,-37.48,-423.12,9.749379467432775
796,343,-36.48,-413.05,10.119530621525875
797,343,-35.48,-403.05,10.04987562112089
798,343,-34.51,-393.38,9.718528695229557
799,343,-33.54,-383.67,9.758329775120309
800,343,-32.58,-374.1,9.618029943808653
801,343,-31.62,-364.5,9.647880596276078
802,343,-30.68,-355.1,9.446883083853614
803,343,-29.76,-345.84,9.305589718013625
804,343,-28.78,-336.03,9.858828530814401
805,343,-27.85,-326.72,9.356334752455098
806,343,-26.92,-317.42,9.34638432764244
807,343,-25.97,-307.96,9.507581185559275
808,343,-25.01,-298.36,9.647880596276021
809,343,-24.05,-288.75,9.657831019437038
810,343,-23.05,-278.78,10.020024950068764
811,343,-22.13,-269.59,9.235935253129483
812,343,-21.16,-259.81,9.827985551474903
813,343,-20.2,-250.21,9.64788059627605
814,343,-19.26,-240.88,9.377233067381882
815,343,-18.31,-231.35,9.577233420983328
816,343,-17.27,-220.98,10.42201995776251
817,343,-16.25,-210.79,10.240922809981528
818,343,-15.27,-200.91,9.92848427505427
819,343,-14.33,-191.58,9.377233067381855
820,343,-13.4,-182.23,9.396137504315293
821,343,-12.44,-172.65,9.627980058143022
822,343,-11.45,-162.73,9.969277807343936
823,343,-10.45,-152.79,9.990175173639347
824,343,-9.51,-143.3,9.536440635792772
825,343,-8.48,-132.99,10.361322309435222
826,343,-7.51,-123.3,9.738429031419813
827,343,-6.57,-113.97,9.37723306738187
828,343,-5.61,-104.31,9.70758466355045
829,343,-4.57,-93.94,10.42201995776251
830,343,-3.59,-84.17,9.819027446748478
831,343,-5.8,-74.12,10.290121476445258
832,343,-4.78,-63.89,10.28072468262817
833,343,-3.78,-53.93,10.01007492479452
834,343,-2.75,-43.65,10.331471337616923
835,343,-2.17,-37.85,5.828927860250113
836,343,-1.93,-35.4,2.4617270360460384
837,343,-1.81,-34.19,1.2159358535712326
838,343,-1.79,-34.01,0.18110770276274804
839,343,-1.78,-33.93,0.0806225774829838
840,343,-1.78,-33.9,0.030000000000001137
841,343,-1.71,-33.2,0.7034912934784581
842,343,-1.41,-30.23,2.985113063185382
843,343,-1.28,-28.95,1.2865846260545797
844,343,-1.17,-27.83,1.1253888216967511
845,343,-1.1,-27.1,0.7333484846919611
846,343,-1.06,-26.75,0.35227829907617214
847,343,-1.03,-26.45,0.30149626863362744
848,343,-1.03,-26.44,0.00999999999999801
849,343,-1.03,-26.44,0.0
850,343,-1.03,-26.43,0.010000000000001563
851,343,-1.03,-26.43,0.0
852,343,-1.03,-26.43,0.0
853,343,-1.03,-26.43,0.0
854,343,-1.03,-26.43,0.0
855,343,-1.03,-26.43,0.0
856,343,-1.03,-26.43,0.0
856,374,-44.71,-495.41,0.0
857,343,-1.03,-26.43,0.0
857,374,-44.55,-493.74,1.6776471619503472
858,343,-1.03,-26.43,0.0
858,374,-44.13,-489.54,4.220947760870762
859,343,2.15,-26.75,3.196060074529263
859,374,-43.51,-483.37,6.201072487884673
860,343,2.31,-25.17,1.5880806024884235
860,374,-42.72,-475.5,7.909551188278642
861,343,2.71,-21.18,4.010000000000002
861,374,-41.69,-465.19,10.361322309435222
862,343,3.31,-15.14,6.0697281652476
862,374,-40.71,-455.35,9.88868039730274
863,343,3.54,-12.83,2.3214219780126153
863,374,-39.75,-445.77,9.627980058143079
864,343,3.62,-12.06,0.7741446893184757
864,374,-38.8,-436.29,9.527481304101272
865,343,3.64,-11.86,0.20099751242241887
865,374,-37.79,-426.16,10.180225930695247
866,343,3.64,-11.84,0.019999999999999574
866,374,-36.85,-416.75,9.456833508104099
867,343,3.64,-11.83,0.009999999999999787
867,374,-35.91,-407.37,9.426982550105835
868,343,3.64,-11.83,0.0
868,374,-34.91,-397.42,10.000124999218748
869,343,3.64,-11.83,0.0
869,374,-33.96,-387.88,9.587184153858754
870,343,3.64,-11.83,0.0
870,374,-33.03,-378.53,9.396137504315293
871,343,3.64,-11.83,0.0
871,374,-32.06,-368.88,9.698628769058004
872,343,3.64,-11.83,0.0
872,374,-31.13,-359.55,9.376235918533604
873,343,3.64,-11.83,0.0
873,374,-30.15,-349.75,9.848878108698484
874,343,3.64,-11.83,0.0
874,374,-29.12,-339.42,10.381223434643898
875,343,3.64,-11.83,0.0
875,374,-28.15,-329.75,9.718528695229557
876,343,3.64,-11.83,0.0
876,374,-27.18,-320.06,9.738429031419798
877,343,3.64,-11.83,0.0
877,374,-26.15,-309.79,10.321521205713799
878,343,3.64,-11.83,0.0
878,374,-25.2,-300.23,9.607085926544014
879,343,3.64,-11.83,0.0
879,374,-24.27,-290.95,9.32648379615815
880,343,3.64,-11.83,0.0
880,374,-23.3,-281.25,9.748379352487252
881,343,3.64,-11.83,0.0
881,374,-22.29,-271.12,10.180225930695247
882,343,3.64,-11.83,0.0
882,374,-21.29,-261.16,10.010074924794498
883,343,3.64,-11.83,0.0
883,374,-20.34,-251.63,9.577233420983356
884,343,3.64,-11.83,0.0
884,374,-19.33,-241.59,10.090673912083366
885,343,3.64,-11.83,0.0
885,374,-18.29,-231.12,10.521525554785294
886,343,3.64,-11.83,0.0
886,374,-17.33,-221.51,9.657831019437038
887,343,3.64,-11.83,0.0
887,374,-16.38,-212.04,9.517531192488942
888,343,3.64,-11.83,0.0
888,374,-15.39,-202.19,9.899626255571464
889,343,3.64,-11.83,0.0
889,374,-14.39,-192.12,10.119530621525875
890,343,3.64,-11.83,0.0
890,374,-13.42,-182.48,9.688678960518834
891,343,3.64,-11.83,0.0
891,374,-12.5,-173.27,9.25583599681842
892,343,3.64,-11.83,0.0
892,374,-11.52,-163.45,9.868779053155484
893,343,3.64,-11.83,0.0
893,374,-10.53,-153.59,9.909576176608146
894,343,3.64,-11.83,0.0
894,374,-9.6,-144.23,9.40608845376229
895,343,3.64,-11.83,0.0
895,374,-8.56,-133.88,10.402119976235609
896,343,3.64,-11.83,0.0
896,374,-7.59,-124.11,9.818034426503093
897,343,3.64,-11.83,0.0
897,374,-6.66,-114.84,9.316533690166098
898,343,3.64,-11.83,0.0
898,374,-5.62,-104.45,10.441920321473441
899,343,3.64,-11.83,0.0
899,374,-4.66,-94.88,9.618029943808667
900,343,3.64,-11.83,0.0
900,374,-3.71,-85.35,9.577233420983328
901,343,3.64,-11.83,0.0
901,374,-2.69,-75.16,10.240922809981528
902,343,3.64,-11.83,0.0
902,374,-1.74,-65.61,9.597134989151707
903,343,3.64,-11.83,0.0
903,374,-0.82,-56.41,9.245885571431222
904,343,3.64,-11.83,0.0
904,374,0.22,-46.03,10.431970091981663
905,343,3.64,-11.83,0.0
905,374,1.15,-36.71,9.36628528286428
906,343,3.64,-11.83,0.0
906,374,-1.07,-26.77,10.184890770155565
907,343,3.64,-11.83,0.0
907,374,-0.23,-18.44,8.372245815789213
908,343,3.64,-11.83,0.0
908,374,0.3,-13.13,5.336384543864882
909,343,3.64,-11.83,0.0
909,374,0.44,-11.66,1.4766516176810298
910,343,3.64,-11.83,0.0
910,374,0.45,-11.58,0.08062257748298557
911,343,3.64,-11.83,0.0
911,374,0.46,-11.52,0.06082762530298269
912,343,3.64,-11.83,0.0
912,374,0.46,-11.51,0.009999999999999787
913,343,3.64,-11.83,0.0
913,374,0.46,-11.51,0.0
914,343,3.64,-11.83,0.0
914,374,0.46,-11.51,0.0
915,343,3.64,-11.83,0.0
915,374,0.46,-11.51,0.0
916,343,3.64,-11.83,0.0
916,374,0.46,-11.51,0.0
917,343,3.64,-11.83,0.0
917,374,0.46,-11.51,0.0
918,343,3.64,-11.83,0.0
918,374,0.46,-11.51,0.0
919,343,3.64,-11.83,0.0
919,374,0.46,-11.51,0.0
920,343,3.64,-11.83,0.0
920,374,0.46,-11.51,0.0
921,343,3.64,-11.83,0.0
921,374,0.46,-11.51,0.0
922,343,3.64,-11.83,0.0
922,374,0.46,-11.51,0.0
923,343,3.64,-11.83,0.0
923,374,0.46,-11.51,0.0
924,343,3.64,-11.83,0.0
924,374,0.46,-11.51,0.0
925,343,3.64,-11.83,0.0
925,374,0.46,-11.51,0.0
926,343,3.88,-9.47,2.3721720005092375
926,374,0.62,-9.95,1.5681836627130132
927,343,4.31,-5.12,4.371201207906129
927,374,0.99,-6.17,3.798065296963705
928,343,4.97,1.49,6.6428683563653435
928,374,1.54,-0.66,5.537382052919954
929,343,5.88,10.56,9.115536188288653
929,374,2.31,6.99,7.688653978428214
930,343,6.88,20.54,10.029975074744701
930,374,3.29,16.78,9.838927787111766
931,343,7.9,30.74,10.250873133543308
931,374,4.27,26.57,9.838927787111762
932,343,8.91,40.92,10.229980449639191
932,374,5.25,36.44,9.91853315768012
933,343,9.87,50.47,9.598130026208228
933,374,6.29,46.75,10.362321168541344
934,343,10.84,60.15,9.728478812229588
934,374,7.28,56.66,9.959327286518901
935,343,11.82,69.97,9.868779053155462
935,374,8.2,65.9,9.285687912050468
936,343,12.79,79.63,9.708578680733856
936,374,9.18,75.75,9.898631218506926
937,343,13.71,88.89,9.305589718013582
937,374,10.17,85.59,9.889676435556426
938,343,14.73,99.07,10.230972583288446
938,374,11.21,95.99,10.451870645965718
939,343,15.66,108.34,9.316533690166112
939,374,12.19,105.78,9.83892778711177
940,343,16.65,118.24,9.949376864909672
940,374,13.18,115.7,9.969277807343921
941,343,17.57,127.44,9.245885571431222
941,374,14.2,125.88,10.230972583288446
942,343,18.55,137.3,9.908582138732074
942,374,15.23,136.19,10.361322309435222
943,343,19.5,146.76,9.507581185559218
943,374,16.18,145.75,9.607085926544014
944,343,20.49,156.68,9.969277807343936
944,374,17.18,155.69,9.990175173639347
945,343,21.48,166.6,9.969277807343907
945,374,18.16,165.55,9.908582138732074
946,343,22.41,175.87,9.316533690166112
946,374,19.17,175.59,10.090673912083366
947,343,23.42,185.91,10.090673912083366
947,374,20.15,185.45,9.908582138732045
948,343,24.45,196.24,10.381223434643926
948,374,21.12,195.15,9.74837935248728
949,343,25.41,205.85,9.65783101943701
949,374,22.07,204.58,9.477731796163052
950,343,26.45,216.21,10.41206991908911
950,374,23.08,214.73,10.200127450184118
951,343,27.37,225.45,9.28568791205044
951,374,24.13,225.19,10.512568668027818
952,343,28.34,235.13,9.728478812229593
952,374,25.13,235.25,10.109579615394502
953,343,29.26,244.3,9.216034939169898
953,374,26.07,244.66,9.45683350810407
954,343,30.29,254.61,10.361322309435222
954,374,27.08,254.67,10.060825015872199
955,343,31.26,264.3,9.738429031419798
955,374,28.11,265.06,10.44092907743369
956,343,32.18,273.59,9.335443213902558
956,374,29.08,274.76,9.748379352487252
957,343,33.16,283.35,9.809077428586285
957,374,30.01,284.06,9.34638432764244
958,343,34.08,292.5,9.196135057729393
958,374,30.97,293.65,9.637930275738642
959,343,35.01,301.88,9.42599066411589
959,374,31.97,303.62,10.020024950068764
960,343,35.95,311.26,9.426982550105835
960,374,32.98,313.76,10.190176642237352
961,343,36.87,320.44,9.22598504225972
961,374,33.93,323.22,9.507581185559275
962,343,37.78,329.55,9.155337241194355
962,374,34.95,333.45,10.280724682628128
963,343,38.75,339.26,9.758329775120309
963,374,35.97,343.58,10.181222912793919
964,343,39.79,349.64,10.431970091981663
964,374,36.99,353.85,10.32052808726379
965,343,40.71,358.81,9.216034939169898
965,374,37.91,363.07,9.265786528946123
966,343,41.62,367.96,9.195140020684818
966,374,38.94,373.29,10.271771999027264
967,343,42.66,378.29,10.382220379090441
967,374,39.95,383.45,10.210078354253671
968,343,43.68,388.51,10.270774070146777
968,374,40.97,393.59,10.191172650877803
969,343,44.6,397.78,9.315540778720239
969,374,41.97,403.6,10.059826042233581
970,343,45.61,407.86,10.13047382899738
970,374,42.94,413.38,9.827985551474903
971,343,46.57,417.41,9.59813002620824
971,374,43.93,423.24,9.909576176608175
972,343,47.58,427.56,10.200127450184118
972,374,44.93,433.25,10.059826042233524
973,343,48.51,436.88,9.366285282864272
973,374,45.89,442.83,9.627980058143022
974,343,49.52,446.91,10.080724180335489
974,374,46.9,452.91,10.13047382899738
975,343,50.5,456.73,9.868779053155453
975,374,47.91,463.06,10.200127450184118
976,343,51.46,466.36,9.677732172363518
976,374,48.9,472.98,9.969277807343936
977,343,52.44,476.08,9.769278376625339
977,374,49.94,483.36,10.431970091981663
978,343,53.38,485.54,9.50658718994365
978,374,50.93,493.26,9.94937686490966
979,343,54.35,495.25,9.758329775120309
1679,734,-44.71,-495.41,0.0
1680,734,-44.5,-493.3,2.120424485804684
1681,734,-44.12,-489.5,3.81895273602595
1682,734,-43.51,-483.37,6.160275967844293
1683,734,-42.66,-474.85,8.562295253026473
1684,734,-41.55,-463.75,11.15536193944421
1685,734,-40.38,-452.07,11.738453901600506
1686,734,-39.3,-441.26,10.863816088281322
1687,734,-38.23,-430.58,10.733466355283374
1688,734,-37.09,-419.18,11.456858208077792
1689,734,-36.02,-408.45,10.783218443488957
1690,734,-34.94,-397.69,10.814064915654974
1690,739,-44.71,-495.41,0.0
1691,734,-33.88,-387.02,10.722523023990219
1691,739,-44.56,-493.85,1.5671949463930794
1692,734,-32.7,-375.23,11.848902902800713
1692,739,-44.25,-490.75,3.115461442547499
1693,734,-31.57,-363.93,11.356359451866618
1693,739,-43.8,-486.23,4.542345209250375
1694,734,-30.41,-352.4,11.58820521047158
1694,739,-43.18,-480.07,6.1911226768656675
1695,734,-29.27,-340.94,11.516561986982031
1695,739,-42.36,-471.92,8.191147660737146
1696,734,-28.17,-329.92,11.074764105839888
1696,739,-41.38,-462.1,9.868779053155453
1697,734,-27.0,-318.26,11.718553665022
1697,739,-40.27,-451.0,11.15536193944421
1698,734,-25.91,-307.37,10.944414100352732
1698,739,-39.12,-439.49,11.567307378988414
1699,734,-24.82,-296.45,10.974265351266132
1699,739,-37.97,-428.02,11.527506235088342
1700,734,-23.67,-284.92,11.587208464509446
1700,739,-36.89,-417.19,10.883717195884854
1701,734,-22.59,-274.21,10.764316048871883
1701,739,-35.78,-406.06,11.18521345348402
1702,734,-21.42,-262.49,11.778255388638815
1702,739,-34.63,-394.57,11.547406635257987
1703,734,-20.33,-251.54,11.004117411223872
1703,739,-33.52,-383.45,11.175262860443153
1704,734,-19.26,-240.82,10.77326784221018
1704,739,-32.38,-372.09,11.417057414237712
1705,734,-18.17,-229.99,10.884714052284501
1705,739,-31.23,-360.52,11.627011653903157
1706,734,-16.99,-218.17,11.87875414342769
1706,739,-30.07,-348.99,11.588205210471523
1707,734,-15.8,-206.3,11.929501246908833
1707,739,-28.96,-337.85,11.195164134571664
1708,734,-14.67,-194.95,11.40611239643028
1708,739,-27.88,-327.08,10.824014966730267
1709,734,-13.58,-184.06,10.944414100352732
1709,739,-26.79,-316.19,10.944414100352732
1710,734,-12.41,-172.35,11.76830489067989
1710,739,-25.71,-305.4,10.843915344560767
1711,734,-11.3,-161.27,11.13546137346808
1711,739,-24.63,-294.58,10.873766596722584
1712,734,-10.22,-150.43,10.893667885519553
1712,739,-23.48,-283.1,11.5374563921169
1713,734,-9.13,-139.57,10.91456366512195
1713,739,-22.37,-271.93,11.225016703773779
1714,734,-8.0,-128.28,11.346409123594999
1714,739,-21.2,-260.22,11.76830489067986
1715,734,-6.85,-116.71,11.627011653903171
1715,739,-20.11,-249.37,10.9046137024656
1716,734,-5.77,-105.95,10.814064915654972
1716,739,-18.97,-237.98,11.446907879423174
1717,734,-4.61,-94.31,11.697657885234976
1717,739,-17.86,-226.82,11.21506575994987
1718,734,-3.46,-82.85,11.5175561643953
1718,739,-16.75,-215.77,11.10561119434674
1719,734,-2.29,-71.15,11.75835447671143
1719,739,-15.62,-204.43,11.396161634515373
1720,734,-1.22,-60.45,10.753366914599356
1720,739,-14.45,-192.72,11.76830489067989
1721,734,-0.04,-48.64,11.868803646534897
1721,739,-13.36,-181.81,10.964314844074842
1722,734,1.13,-36.96,11.738453901600499
1722,739,-12.26,-170.83,11.034962618876412
1723,734,2.31,-25.1,11.918556959632319
1723,739,-11.13,-159.58,11.30660868695826
1724,734,3.42,-14.02,11.135461373468099
1724,739,-10.07,-148.93,10.702621174273157
1725,734,4.55,-2.68,11.39616163451537
1725,739,-8.98,-138.05,10.934463864314514
1726,734,5.65,8.29,11.025012471648274
1726,739,-7.89,-127.11,10.994166635084273
1727,734,6.82,19.94,11.708603674221791
1727,739,-6.78,-116.04,11.125511224208973
1728,734,7.88,30.56,10.67276908772976
1728,739,-5.67,-104.95,11.145411611959428
1729,734,8.98,41.53,11.025012471648278
1729,739,-4.52,-93.39,11.61706072980597
1730,734,10.14,53.14,11.667806134831002
1730,739,-3.36,-81.84,11.60810492716188
1731,734,11.21,63.84,10.753366914599356
1731,739,-2.2,-70.2,11.697657885234976
1732,734,12.34,75.18,11.396161634515371
1732,739,-1.05,-58.71,11.54740663525798
1733,734,13.5,86.78,11.657855720500226
1733,739,0.02,-48.02,10.743416588776586
1734,734,14.61,97.88,11.155361939444182
1734,739,1.19,-36.31,11.768304890679882
1735,734,15.69,108.65,10.824014966730239
1735,739,2.31,-25.17,11.196160056019208
1736,734,16.79,119.64,11.044912856152369
1736,739,3.44,-13.85,11.376260369734865
1737,734,17.91,130.82,11.235960128088736
1737,739,4.5,-3.28,10.623017462096163
1738,734,19.03,142.05,11.285712206148109
1738,739,5.57,7.5,10.832972814514028
1739,734,20.21,153.88,11.888704723391847
1739,739,6.62,17.95,10.502618721061904
1740,734,21.31,164.84,11.015062414711965
1740,739,7.68,28.57,10.672769087729764
1741,734,22.44,176.17,11.386210958874758
1741,739,8.76,39.37,10.853865670810558
1742,734,23.63,188.0,11.889701426024132
1742,739,9.92,51.0,11.687707217414374
1743,734,24.75,199.22,11.275761615075053
1743,739,11.05,62.31,11.36630986732282
1744,734,25.86,210.37,11.205114903471545
1744,739,12.17,73.49,11.235960128088736
1745,734,27.01,221.85,11.537456392116928
1745,739,13.28,84.56,11.125511224208989
1746,734,28.08,232.55,10.753366914599368
1746,739,14.45,96.26,11.758354476711444
1747,734,29.14,243.14,10.642917833000473
1747,739,15.51,106.83,10.623017462096156
1748,734,30.23,254.02,10.934463864314543
1748,739,16.61,117.89,11.114567018107365
1749,734,31.34,265.19,11.22501670377375
1749,739,17.76,129.34,11.50760618026182
1750,734,32.42,275.99,10.853865670810572
1750,739,18.85,140.24,10.954364427021776
1751,734,33.57,287.43,11.497656282912615
1751,739,19.92,150.96,10.77326784221018
1752,734,34.69,298.65,11.275761615075025
1752,739,21.03,162.1,11.195164134571664
1753,734,35.82,309.97,11.376260369734913
1753,739,22.11,172.9,10.853865670810572
1754,734,36.9,320.76,10.84391534456071
1754,739,23.22,183.97,11.125511224208973
1755,734,38.02,331.94,11.235960128088749
1755,739,24.28,194.6,10.682719691164788
1756,734,39.1,342.78,10.893667885519525
1756,739,25.45,206.24,11.698653768703489
1757,734,40.21,353.86,11.135461373468138
1757,739,26.53,217.0,10.814064915654974
1758,734,41.4,365.7,11.899651255393975
1758,739,27.69,228.69,11.747412481053006
1759,734,42.56,377.29,11.647905391099327
1759,739,28.76,239.37,10.733466355283374
1760,734,43.72,388.9,11.667806134830961
1760,739,29.91,250.85,11.537456392116928
1761,734,44.84,400.08,11.235960128088749
1761,739,31.04,262.13,11.33645888273759
1762,734,45.92,410.96,10.933471543841868
1762,739,32.09,272.61,10.532468846381668
1763,734,47.07,422.42,11.517556164395328
1763,739,33.17,283.41,10.853865670810572
1764,734,48.21,433.78,11.417057414237656
1764,739,34.23,294.07,10.712572053433261
1765,734,49.39,445.62,11.8986553862191
1765,739,35.28,304.53,10.51256866802779
1766,734,50.55,457.24,11.677756633874509
1766,739,36.45,316.25,11.778255388638872
1767,734,51.64,468.12,10.934463864314514
1767,739,37.53,327.07,10.873766596722584
1768,734,52.82,479.9,11.838952656379675
1768,739,38.63,338.0,10.985212788107482
1769,734,53.89,490.63,10.783218443488957
1769,739,39.68,348.5,10.552369402176934
1770,739,40.74,359.16,10.712572053433318
1771,739,41.91,370.8,11.69865376870346
1772,739,42.99,381.6,10.853865670810572
1773,739,44.12,392.95,11.406112396430222
1774,739,45.26,404.36,11.466808623152327
1775,739,46.32,414.9,10.593167609360254
1776,739,47.43,426.01,11.16531235568447
1777,739,48.56,437.28,11.326508729524715
1778,739,49.7,448.76,11.536463929645011
1779,739,50.78,459.53,10.82401496673021
1780,739,51.93,471.01,11.537456392116956
1781,739,53.06,482.34,11.386210958874758
1782,739,54.21,493.84,11.557356964289024
1788,782,-44.71,-495.41,0.0
1789,782,-44.54,-493.65,1.7681911661356553
1790,782,-44.16,-489.91,3.7592552453909867
1791,782,-43.55,-483.77,6.170226900203956
1792,782,-42.75,-475.74,8.069752164719779
1793,782,-41.81,-466.4,9.387182750964241
1794,782,-40.68,-455.11,11.34640912359497
1795,782,-39.57,-443.95,11.215065759949898
1796,782,-38.5,-433.27,10.733466355283374
1797,782,-37.32,-421.51,11.81905241548576
1798,782,-36.17,-409.97,11.597159134891577
1799,782,-35.05,-398.81,11.216059914247987
1800,782,-33.99,-388.16,10.702621174273128
1801,782,-32.85,-376.75,11.466808623152327
1802,782,-31.76,-365.91,10.894663831435988
1803,782,-30.62,-354.42,11.546415028050923
1804,782,-29.5,-343.22,11.255860695655386
1805,782,-28.39,-332.17,11.105611194346768
1806,782,-27.27,-320.94,11.285712206148109
1807,782,-26.16,-309.84,11.15536193944421
1808,782,-25.01,-298.38,11.517556164395272
1809,782,-23.89,-287.14,11.29566288448802
1810,782,-22.73,-275.6,11.598155025692627
1811,782,-21.61,-264.4,11.255860695655443
1812,782,-20.51,-253.37,11.08471470088425
1813,782,-19.32,-241.49,11.939451411183006
1814,782,-18.16,-229.82,11.727510392235871
1815,782,-16.99,-218.12,11.75835447671143
1816,782,-15.85,-206.72,11.45685820807782
1817,782,-14.67,-194.96,11.81905241548576
1818,782,-13.5,-183.21,11.80810738433556
1819,782,-12.37,-171.96,11.30660868695826
1820,782,-11.3,-161.2,10.813070794182401
1821,782,-10.12,-149.48,11.779252947449596
1822,782,-8.97,-137.96,11.577257879135265
1823,782,-7.81,-126.29,11.727510392235857
1824,782,-6.62,-114.39,11.959351989133864
1825,782,-5.48,-103.07,11.377258017642044
1826,782,-4.38,-92.04,11.084714700884264
1827,782,-3.19,-80.11,11.989203476461652
1828,782,-2.1,-69.26,10.904613702465571
1829,782,-0.97,-57.95,11.36630986732282
1830,782,0.19,-46.35,11.657855720500233
1831,782,1.27,-35.57,10.833965109783215
1832,782,2.41,-24.09,11.536463929644993
1833,782,3.16,-16.61,7.51750623544803
1834,782,3.5,-13.22,3.4070074845823264
1835,782,3.58,-12.4,0.8238931969618395
1836,782,3.62,-12.05,0.35227829907617036
1837,782,3.64,-11.83,0.22090722034374585
1838,782,3.64,-11.83,0.0
1839,782,3.64,-11.83,0.0
1840,782,3.64,-11.83,0.0
1841,782,3.64,-11.83,0.0
1842,782,3.64,-11.83,0.0
1843,782,3.64,-11.83,0.0
1844,782,3.64,-11.83,0.0
1845,782,3.64,-11.83,0.0
1846,782,3.64,-11.83,0.0
1847,782,3.64,-11.83,0.0
1848,782,3.64,-11.83,0.0
1849,782,3.64,-11.83,0.0
1850,782,3.64,-11.83,0.0
1851,782,3.64,-11.83,0.0
1852,782,3.64,-11.83,0.0
1853,782,3.64,-11.83,0.0
1854,782,3.64,-11.83,0.0
1855,782,3.64,-11.83,0.0
1856,782,3.64,-11.83,0.0
1857,782,3.64,-11.83,0.0
1858,782,3.64,-11.83,0.0
1859,782,3.64,-11.83,0.0
1860,782,3.64,-11.83,0.0
1861,782,3.64,-11.83,0.0
1862,782,3.64,-11.83,0.0
1863,782,3.64,-11.83,0.0
1864,782,3.64,-11.83,0.0
1865,782,3.64,-11.83,0.0
1866,782,3.64,-11.83,0.0
1867,782,3.64,-11.83,0.0
1868,782,3.64,-11.83,0.0
1869,782,3.64,-11.83,0.0
1870,782,3.64,-11.83,0.0
1871,782,3.64,-11.83,0.0
1872,782,3.64,-11.83,0.0
1873,782,3.64,-11.83,0.0
1874,782,3.64,-11.83,0.0
1875,782,3.64,-11.83,0.0
1876,782,3.64,-11.83,0.0
1877,782,3.64,-11.83,0.0
1878,782,3.64,-11.83,0.0
1879,782,3.64,-11.83,0.0
1880,782,3.64,-11.83,0.0
1881,782,3.64,-11.83,0.0
1882,782,3.64,-11.83,0.0
1883,782,3.64,-11.83,0.0
1884,782,3.64,-11.83,0.0
1885,782,3.64,-11.83,0.0
1886,782,3.64,-11.83,0.0
1887,782,3.64,-11.83,0.0
1888,782,3.64,-11.83,0.0
1889,782,3.64,-11.83,0.0
1890,782,3.64,-11.83,0.0
1891,782,3.64,-11.83,0.0
1892,782,3.64,-11.83,0.0
1893,782,3.64,-11.83,0.0
1894,782,3.79,-10.31,1.527383383437177
1895,782,4.18,-6.4,3.929401990125215
1896,782,4.81,-0.13,6.301571232637143
1897,782,5.68,8.53,8.703591212827035
1898,782,6.72,18.98,10.50162368398335
1899,782,7.86,30.36,11.436957637413894
1900,782,9.0,41.77,11.466808623152305
1901,782,10.14,53.13,11.417057414237698
1902,782,11.28,64.56,11.486709711662431
1903,782,12.46,76.32,11.81905241548576
1904,782,13.58,87.57,11.305613649864389
1905,782,14.77,99.45,11.93945141118302
1906,782,15.86,110.4,11.004117411223858
1907,782,16.97,121.42,11.075761824813673
1908,782,18.12,132.92,11.55735696428901
1909,782,19.22,143.97,11.104616157256416
1910,782,20.38,155.56,11.647905391099298
1911,782,21.5,166.71,11.20610994056368
1912,782,22.69,178.63,11.979252898240345
1913,782,23.86,190.31,11.738453901600506
1914,782,24.94,201.11,10.853865670810572
1915,782,26.09,212.67,11.617060729805944
1916,782,27.19,223.61,10.995162572695348
1917,782,28.36,235.37,11.818058216136853
1918,782,29.53,247.02,11.708603674221795
1919,782,30.62,257.97,11.004117411223872
1920,782,31.76,269.38,11.466808623152271
1921,782,32.94,281.12,11.79915251193916
1922,782,34.13,293.0,11.939451411183006
1923,782,35.2,303.7,10.753366914599342
1924,782,36.38,315.58,11.93845886201397
1925,782,37.53,327.0,11.477756749469835
1926,782,38.67,338.41,11.466808623152327
1927,782,39.76,349.37,11.01406827652705
1928,782,40.85,360.23,10.91456366512195
1929,782,41.92,370.92,10.743416588776586
1930,782,43.09,382.64,11.778255388638815
1931,782,44.2,393.72,11.135461373468138
1932,782,45.31,404.78,11.115561164421651
1933,782,46.49,416.6,11.878754143427718
1934,782,47.59,427.6,11.05486318323298
1935,782,48.76,439.3,11.75835447671143
1936,782,49.84,450.09,10.84391534456071
1937,782,50.99,461.64,11.607109890063084
1938,782,52.06,472.3,10.713566166314582
1939,782,53.18,483.55,11.305613649864389
1940,782,54.37,495.46,11.969302402395858
2033,889,-44.71,-495.41,0.0
2034,889,-44.54,-493.65,1.7681911661356553
2035,889,-44.2,-490.28,3.387107910887994
2036,889,-43.65,-484.8,5.507531207355941
2037,889,-42.88,-477.03,7.808059938294569
2038,889,-41.88,-467.12,9.960326299875891
2039,889,-40.82,-456.52,10.652868158388166
2040,889,-39.8,-446.24,10.33047917572072
2041,889,-38.8,-436.26,10.029975074744721
2042,889,-37.75,-425.76,10.552369402176934
2043,889,-36.64,-414.69,11.125511224208973
2044,889,-35.6,-404.29,10.451870645965704
2045,889,-34.48,-393.07,11.275761615075082
2046,889,-33.43,-382.55,10.572270333282233
2047,889,-32.33,-371.56,11.044912856152385
2048,889,-31.29,-361.21,10.402119976235635
2049,889,-30.22,-350.49,10.773267842210151
2050,889,-29.13,-339.59,10.954364427021805
2051,889,-28.07,-329.0,10.642917833000473
2052,889,-27.04,-318.66,10.391174139624429
2053,889,-25.96,-307.89,10.824014966730267
2054,889,-24.96,-297.85,10.089677893768426
2055,889,-23.94,-287.66,10.240922809981528
2056,889,-22.85,-276.74,10.974265351266132
2057,889,-21.82,-266.41,10.3812234346439
2058,889,-20.77,-255.98,10.482719112901993
2059,889,-19.66,-244.83,11.205114903471516
2060,889,-18.57,-233.91,10.974265351266132
2061,889,-17.52,-223.47,10.492668869262957
2062,889,-16.41,-212.32,11.205114903471545
2063,889,-15.3,-201.23,11.145411611959428
2064,889,-14.2,-190.3,10.985212788107454
2065,889,-13.09,-179.13,11.225016703773779
2066,889,-12.03,-168.55,10.632967600815855
2067,889,-10.94,-157.64,10.96431484407487
2068,889,-9.93,-147.56,10.130473828997323
2069,889,-8.85,-136.74,10.873766596722584
2070,889,-7.81,-126.32,10.471771578868607
2071,889,-6.81,-116.34,10.029975074744693
2072,889,-5.74,-105.59,10.803119919726893
2073,889,-4.62,-94.42,11.226009976835048
2074,889,-3.51,-83.34,11.135461373468095
2075,889,-2.49,-73.17,10.221022453746986
2076,889,-1.44,-62.68,10.542419077232703
2077,889,-0.44,-52.61,10.119530621525882
2078,889,0.6,-42.22,10.441920321473441
2079,889,1.63,-31.96,10.311571170292137
2080,889,2.71,-21.09,10.923520494785553
2081,889,3.83,-9.95,11.196160056019208
2082,889,4.84,0.13,10.130473828997339
2083,889,5.84,10.17,10.089677893768462
2084,889,6.94,21.2,11.084714700884277
2085,889,7.97,31.51,10.361322309435222
2086,889,9.06,42.35,10.894663831436013
2087,889,10.12,53.0,10.70262117427315
2088,889,11.16,63.34,10.392170129477291
2089,889,12.27,74.47,11.18521345348402
2090,889,13.27,84.43,10.010074924794527
2091,889,14.28,94.53,10.150374377332094
2092,889,15.27,104.46,9.97922842708793
2093,889,16.36,115.37,10.964314844074856
2094,889,17.37,125.46,10.140424054249397
2095,889,18.4,135.8,10.391174139624471
2096,889,19.42,145.96,10.211072421641123
2097,889,20.45,156.23,10.321521205713799
2098,889,21.54,167.13,10.954364427021776
2099,889,22.63,178.09,11.014068276527079
2100,889,23.73,189.02,10.985212788107482
2101,889,24.83,200.01,11.044912856152354
2102,889,25.9,210.79,10.832972814514031
2103,889,26.94,221.14,10.402119976235609
2104,889,27.95,231.28,10.19017664223738
2105,889,29.07,242.48,11.255860695655386
2106,889,30.1,252.78,10.351371889754528
2107,889,31.12,262.92,10.191172650877833
2108,889,32.14,273.15,10.280724682628128
2109,889,33.22,283.95,10.853865670810572
2110,889,34.32,294.96,11.06481359987595
2111,889,35.43,305.99,11.085711524300127
2112,889,36.44,316.18,10.239931640396822
2113,889,37.49,326.6,10.472769452250935
2114,889,38.55,337.23,10.682719691164788
2115,889,39.66,348.36,11.18521345348402
2116,889,40.73,359.04,10.733466355283374
2117,889,41.76,369.32,10.331471337616895
2118,889,42.76,379.37,10.099628706046586
2119,889,43.82,389.96,10.642917833000473
2120,889,44.89,400.68,10.773267842210208
2121,889,45.9,410.77,10.140424054249383
2122,889,46.97,421.39,10.673766907704145
2123,889,47.99,431.61,10.270774070146834
2124,889,49.05,442.19,10.632967600815855
2125,889,50.14,453.09,10.954364427021748
2126,889,51.17,463.42,10.381223434643957
2127,889,52.19,473.61,10.240922809981528
2128,889,53.3,484.73,11.175262860443153
2129,889,54.39,495.65,10.974265351266075
2412,1055,-44.71,-495.41,0.0
2413,1055,-44.53,-493.55,1.868689380287706
2414,1055,-44.2,-490.32,3.2468138228115446
2415,1055,-43.68,-485.09,5.255787286411065
2416,1055,-43.0,-478.28,6.843865866599084
2417,1055,-42.14,-469.72,8.603092467246825
2418,1055,-41.08,-459.12,10.652868158388166
2419,1055,-39.94,-447.72,11.456858208077792
2420,1055,-38.8,-436.31,11.466808623152327
2421,1055,-37.71,-425.38,10.984215948350622
2422,1055,-36.53,-413.6,11.838952656379675
2423,1055,-35.46,-402.85,10.803119919726894
2424,1055,-34.33,-391.59,11.316558664187673
2425,1055,-33.17,-380.0,11.647905391099268
2426,1055,-32.11,-369.37,10.682719691164788
2427,1055,-31.02,-358.49,10.934463864314514
2428,1055,-29.87,-347.01,11.537456392116956
2429,1055,-28.82,-336.42,10.641926517318163
2430,1055,-27.76,-325.85,10.623017462096156
2431,1055,-26.64,-314.63,11.275761615075082
2432,1055,-25.46,-302.88,11.809102421437457
2433,1055,-24.4,-292.24,10.692670386764933
2434,1055,-23.3,-281.21,11.084714700884305
2435,1055,-22.21,-270.33,10.934463864314514
2436,1055,-21.12,-259.48,10.904613702465543
2437,1055,-19.95,-247.76,11.778255388638872
2438,1055,-18.89,-237.2,10.613067417104258
2439,1055,-17.73,-225.51,11.747412481053006
2440,1055,-16.61,-214.39,11.176260555302033
2441,1055,-15.45,-202.74,11.707608637121393
2442,1055,-14.33,-191.59,11.20610994056368
2443,1055,-13.25,-180.79,10.853865670810572
2444,1055,-12.13,-169.57,11.275761615075053
2444,1069,-44.71,-495.41,0.0
2445,1055,-11.07,-158.99,10.632967600815855
2445,1069,-44.56,-493.88,1.5373353570383042
2446,1055,-9.98,-148.05,10.99416663508426
2446,1069,-44.18,-490.05,3.8488050093502895
2447,1055,-8.85,-136.7,11.40611239643028
2447,1069,-43.64,-484.72,5.357284760025346
2448,1055,-7.77,-125.98,10.774265636227819
2448,1069,-42.89,-477.15,7.6070625079593475
2449,1055,-6.64,-114.63,11.406112396430267
2449,1069,-41.92,-467.44,9.758329775120309
2450,1055,-5.58,-104.02,10.662818576717884
2450,1069,-40.93,-457.62,9.869777099813343
2451,1055,-4.49,-93.15,10.924513719154724
2451,1069,-39.94,-447.64,10.028982999287633
2452,1055,-3.37,-81.95,11.2558606956554
2452,1069,-39.01,-438.41,9.276734339194979
2453,1055,-2.23,-70.52,11.486709711662437
2453,1069,-38.06,-428.92,9.537431520068711
2454,1055,-1.08,-59.06,11.517556164395286
2454,1069,-37.13,-419.53,9.435941924365624
2455,1055,0.03,-47.96,11.15536193944419
2455,1069,-36.16,-409.86,9.718528695229502
2456,1055,1.1,-37.23,10.783218443488943
2456,1069,-35.21,-400.36,9.547381840064846
2457,1055,-1.16,-27.69,9.804039983598594
2457,1069,-34.23,-390.59,9.81902744674852
2458,1055,-0.27,-18.81,8.924488780877034
2458,1069,-33.21,-380.35,10.290675390857444
2459,1055,0.32,-12.94,5.899576255969575
2459,1069,-32.28,-371.04,9.356334752455155
2460,1055,0.46,-11.55,1.3970325694127523
2460,1069,-31.28,-361.05,10.039925298526887
2461,1055,0.46,-11.52,0.030000000000001137
2461,1069,-30.27,-350.97,10.130473828997323
2462,1055,0.46,-11.51,0.009999999999999787
2462,1069,-29.26,-340.85,10.17027531584077
2463,1055,0.46,-11.51,0.0
2463,1069,-28.24,-330.7,10.201122487256033
2464,1055,0.46,-11.51,0.0
2464,1069,-27.28,-321.07,9.677732172363518
2465,1055,0.46,-11.51,0.0
2465,1069,-26.28,-311.08,10.039925298526887
2466,1055,0.46,-11.51,0.0
2466,1069,-25.33,-301.54,9.587184153858697
2467,1055,0.46,-11.51,0.0
2467,1069,-24.32,-291.41,10.180225930695247
2468,1055,0.46,-11.51,0.0
2468,1069,-23.31,-281.39,10.070774548166629
2469,1055,0.46,-11.51,0.0
2469,1069,-22.4,-272.23,9.205090982711654
2470,1055,0.46,-11.51,0.0
2470,1069,-21.46,-262.82,9.456833508104099
2471,1055,0.46,-11.51,0.0
2471,1069,-20.53,-253.54,9.326483796158122
2472,1055,0.46,-11.51,0.0
2472,1069,-19.59,-244.19,9.397132541366004
2473,1055,0.46,-11.51,0.0
2473,1069,-18.67,-234.98,9.255835996818448
2474,1055,0.46,-11.51,0.0
2474,1069,-17.68,-225.1,9.929476320531709
2475,1055,0.46,-11.51,0.0
2475,1069,-16.77,-215.97,9.175238416520843
2476,1055,0.46,-11.51,0.0
2476,1069,-15.75,-205.78,10.240922809981528
2477,1055,0.46,-11.51,0.0
2477,1069,-14.82,-196.4,9.42599066411589
2478,1055,0.46,-11.51,0.0
2478,1069,-13.85,-186.79,9.65883015690825
2479,1055,0.46,-11.51,0.0
2479,1069,-12.88,-177.01,9.827985551474931
2480,1055,0.46,-11.51,0.0
2480,1069,-11.92,-167.41,9.64788059627605
2481,1055,0.46,-11.51,0.0
2481,1069,-11.0,-158.22,9.235935253129483
2482,1055,0.46,-11.51,0.0
2482,1069,-10.07,-148.92,9.34638432764244
2483,1055,0.46,-11.51,0.0
2483,1069,-9.05,-138.76,10.211072421641123
2484,1055,0.46,-11.51,0.0
2484,1069,-8.09,-129.19,9.618029943808653
2485,1055,0.46,-11.51,0.0
2485,1069,-7.07,-118.89,10.350381635476054
2486,1055,0.46,-11.51,0.0
2486,1069,-6.1,-109.27,9.66877965412389
2487,1055,0.46,-11.51,0.0
2487,1069,-5.09,-99.15,10.170275315840756
2488,1055,0.46,-11.51,0.0
2488,1069,-4.18,-90.09,9.105586197494373
2489,1055,0.46,-11.51,0.0
2489,1069,-3.19,-80.1,10.038934206378691
2490,1055,0.46,-11.51,0.0
2490,1069,-2.16,-69.85,10.301621231631456
2491,1055,0.46,-11.51,0.0
2491,1069,-1.16,-59.83,10.06977656157275
2492,1055,0.46,-11.51,0.0
2492,1069,-0.14,-49.64,10.240922809981528
2493,1055,0.46,-11.51,0.0
2493,1069,0.89,-39.35,10.341421565722964
2494,1055,0.46,-11.51,0.0
2494,1069,1.64,-31.83,7.557307721669143
2495,1055,0.46,-11.51,0.0
2495,1069,2.07,-27.49,4.361249820865574
2496,1055,0.46,-11.51,0.0
2496,1069,2.12,-27.04,0.45276925690687014
2497,1055,0.46,-11.51,0.0
2497,1069,2.14,-26.8,0.24083189157584434
2498,1055,0.46,-11.51,0.0
2498,1069,2.15,-26.76,0.04123105625617573
2499,1055,0.46,-11.51,0.0
2499,1069,2.15,-26.75,0.010000000000001563
2500,1055,0.46,-11.51,0.0
2500,1069,2.15,-26.75,0.0
2501,1055,0.46,-11.51,0.0
2501,1069,2.15,-26.75,0.0
2502,1055,0.46,-11.51,0.0
2502,1069,2.15,-26.75,0.0
2503,1055,0.46,-11.51,0.0
2503,1069,2.15,-26.75,0.0
2504,1055,0.46,-11.51,0.0
2504,1069,2.15,-26.75,0.0
2505,1055,0.46,-11.51,0.0
2505,1069,2.15,-26.75,0.0
2506,1055,0.46,-11.51,0.0
2506,1069,2.15,-26.75,0.0
2507,1055,0.46,-11.51,0.0
2507,1069,2.15,-26.75,0.0
2508,1055,0.46,-11.51,0.0
2508,1069,2.15,-26.75,0.0
2509,1055,0.46,-11.51,0.0
2509,1069,2.15,-26.75,0.0
2510,1055,0.72,-8.93,2.5930676813380713
2510,1069,2.15,-26.75,0.0
2511,1055,1.17,-4.45,4.502543725495622
2511,1069,2.15,-26.75,0.0
2512,1055,1.81,2.0,6.481674166448048
2512,1069,2.24,-25.8,0.954253635046783
2513,1055,2.61,10.04,8.079702964837258
2513,1069,2.36,-24.64,1.1661903789690602
2514,1055,6.83,20.06,10.872387042411615
2514,1069,2.71,-21.14,3.5174564673923117
2515,1055,7.89,30.71,10.702621174273153
2515,1069,3.18,-16.39,4.773195994299836
2516,1055,8.99,41.69,11.03496261887642
2516,1069,3.56,-12.65,3.7592552453910337
2517,1055,10.06,52.38,10.743416588776594
2517,1069,4.13,-6.89,5.788134414472422
2518,1055,11.21,63.86,11.537456392116935
2518,1069,4.96,1.37,8.301596232050798
2519,1055,12.3,74.72,10.914563665121936
2519,1069,5.99,11.7,10.381223434643914
2520,1055,13.35,85.26,10.592171637582169
2520,1069,6.95,21.31,9.657831019437024
2521,1055,14.41,95.85,10.642917833000487
2521,1069,7.95,31.23,9.970275823667068
2522,1055,15.5,106.71,10.914563665121936
2522,1069,8.97,41.5,10.320528087263751
2523,1055,16.56,117.4,10.742425238278377
2523,1069,9.93,51.04,9.58818022358779
2524,1055,17.65,128.29,10.944414100352732
2524,1069,10.87,60.43,9.436932764410267
2525,1055,18.74,139.16,10.924513719154739
2525,1069,11.83,70.09,9.707584663550458
2526,1055,19.92,150.94,11.838952656379703
2526,1069,12.79,79.68,9.63793027573867
2527,1055,21.0,161.77,10.88371719588488
2527,1069,13.82,89.95,10.321521205713813
2528,1055,22.12,172.91,11.196160056019194
2528,1069,14.82,99.92,10.020024950068736
2529,1055,23.24,184.11,11.255860695655414
2529,1069,15.78,109.55,9.677732172363518
2530,1055,24.31,194.88,10.823021759194592
2530,1069,16.76,119.34,9.838927787111771
2531,1055,25.42,206.0,11.175262860443153
2531,1069,17.72,128.96,9.66778154490471
2532,1055,26.54,217.16,11.216059914247959
2532,1069,18.63,138.02,9.105586197494373
2533,1055,27.63,228.04,10.934463864314514
2533,1069,19.53,147.09,9.114543323721703
2534,1055,28.69,238.6,10.61306741710426
2534,1069,20.56,157.35,10.31157117029213
2535,1055,29.79,249.67,11.124517967085128
2535,1069,21.47,166.48,9.175238416520843
2536,1055,30.97,261.46,11.848902902800742
2536,1069,22.42,175.93,9.497631283641217
2537,1055,32.04,272.18,10.773267842210208
2537,1069,23.37,185.44,9.557332263764813
2538,1055,33.21,283.82,11.69865376870346
2538,1069,24.37,195.47,10.079727178847651
2539,1055,34.37,295.45,11.687707217414367
2539,1069,25.4,205.72,10.301621231631456
2540,1055,35.55,307.2,11.809102421437457
2540,1069,26.38,215.6,9.92848427505427
2541,1055,36.69,318.61,11.466808623152327
2541,1069,27.37,225.43,9.879726716868248
2542,1055,37.78,329.56,11.004117411223843
2542,1069,28.32,234.98,9.597134989151694
2543,1055,38.84,340.14,10.632967600815855
2543,1069,29.32,244.91,9.98022544835537
2544,1055,39.9,350.73,10.642917833000528
2544,1069,30.23,254.04,9.175238416520843
2545,1055,41.02,361.95,11.275761615075025
2545,1069,31.19,263.64,9.64788059627605
2546,1055,42.15,373.21,11.316558664187616
2546,1069,32.1,272.71,9.115536188288646
2547,1055,43.2,383.73,10.57227033328229
2547,1069,33.1,282.79,10.129481724155527
2548,1055,44.3,394.74,11.06481359987595
2548,1069,34.06,292.3,9.558331444347377
2549,1055,45.41,405.82,11.13546137346808
2549,1069,35.05,302.2,9.949376864909658
2550,1055,46.52,416.9,11.135461373468083
2550,1069,36.03,312.05,9.898631218506953
2551,1055,47.65,428.2,11.356359451866616
2551,1069,37.05,322.22,10.221022453746999
2552,1055,48.81,439.85,11.707608637121451
2552,1069,38.06,332.32,10.150374377332065
2553,1055,49.95,451.21,11.417057414237656
2553,1069,39.02,341.96,9.687682901499189
2554,1055,51.0,461.73,10.572270333282288
2554,1069,39.95,351.19,9.276734339195034
2555,1055,52.11,472.83,11.155361939444154
2555,1069,40.87,360.42,9.27573716747086
2556,1055,53.26,484.29,11.517556164395328
2556,1069,41.86,370.34,9.96927780734388
2557,1055,54.41,495.81,11.577257879135265
2557,1069,42.83,380.05,9.758329775120366
2558,1069,43.79,389.64,9.637930275738642
2559,1069,44.74,399.15,9.557332263764813
2560,1069,45.73,409.06,9.95932728651893
2561,1069,46.74,419.13,10.120523701864439
2562,1069,47.74,429.14,10.059826042233524
2563,1069,48.7,438.68,9.588180223587809
2564,1069,49.72,448.91,10.280724682628183
2565,1069,50.73,458.99,10.130473828997323
2566,1069,51.73,469.05,10.109579615394502
2567,1069,52.71,478.78,9.779227985889236
2568,1069,53.63,488.04,9.305589718013625
2569,1069,54.63,498.01,10.020024950068708
3030,1325,-44.71,-495.41,0.0
3031,1325,-44.58,-494.1,1.3164345787011242
3032,1325,-44.25,-490.76,3.3562628025826897
3033,1325,-43.73,-485.55,5.235885789434276
3034,1325,-43.01,-478.42,7.166261228841713
3035,1325,-42.12,-469.44,9.023995789006127
3036,1325,-41.03,-458.59,10.904613702465598
3037,1325,-39.9,-447.25,11.396161634515344
3038,1325,-38.74,-435.63,11.677756633874509
3039,1325,-37.67,-424.97,10.713566166314525
3040,1325,-36.59,-414.17,10.853865670810572
3041,1325,-35.52,-403.49,10.733466355283374
3042,1325,-34.39,-392.19,11.356359451866618
3043,1325,-33.34,-381.68,10.562319820948417
3044,1325,-32.17,-369.97,11.76830489067986
3045,1325,-31.04,-358.65,11.376260369734913
3046,1325,-29.88,-347.07,11.637955146846013
3047,1325,-28.8,-336.25,10.873766596722584
3048,1325,-27.71,-325.4,10.9046137024656
3049,1325,-26.55,-313.76,11.697657885234962
3050,1325,-25.49,-303.14,10.672769087729767
3051,1325,-24.38,-292.01,11.18521345348402
3052,1325,-23.31,-281.41,10.653867842243928
3053,1325,-22.21,-270.34,11.124517967085184
3054,1325,-21.16,-259.83,10.562319820948417
3055,1325,-20.1,-249.25,10.632967600815855
3056,1325,-19.01,-238.37,10.934463864314514
3057,1325,-17.9,-227.21,11.21506575994987
3058,1325,-16.75,-215.74,11.527506235088314
3059,1325,-15.61,-204.32,11.476759124421857
3060,1325,-14.43,-192.59,11.789202687204922
3061,1325,-13.33,-181.59,11.054863183232978
3062,1325,-12.26,-170.84,10.803119919726894
3063,1325,-11.17,-159.98,10.91456366512195
3064,1325,-10.09,-149.1,10.933471543841868
3065,1325,-8.91,-137.33,11.829002493870714
3066,1325,-7.83,-126.54,10.843915344560752
3067,1325,-6.78,-116.02,10.572270333282262
3068,1325,-5.66,-104.88,11.196160056019208
3069,1325,-4.58,-94.07,10.86381608828132
3070,1325,-3.45,-82.77,11.356359451866604
3071,1325,-2.32,-71.48,11.346409123594999
3072,1325,-1.23,-60.58,10.954364427021776
3073,1325,-0.16,-49.84,10.79316913607861
3074,1325,1.0,-38.25,11.647905391099298
3075,1325,2.17,-26.54,11.768304890679882
3076,1325,3.08,-17.4,9.185189165172376
3077,1325,3.55,-12.74,4.683641745479685
3078,1325,3.61,-12.11,0.6328506932918704
3079,1325,3.64,-11.85,0.26172504656604784
3080,1325,3.64,-11.83,0.019999999999999574
3081,1325,3.64,-11.83,0.0
3082,1325,3.64,-11.83,0.0
3083,1325,3.64,-11.83,0.0
3084,1325,3.64,-11.83,0.0
3085,1325,3.64,-11.83,0.0
3086,1325,3.64,-11.83,0.0
3087,1325,3.64,-11.83,0.0
3088,1325,3.64,-11.83,0.0
3089,1325,3.64,-11.83,0.0
3090,1325,3.64,-11.83,0.0
3091,1325,3.64,-11.83,0.0
3092,1325,3.64,-11.83,0.0
3093,1325,3.64,-11.83,0.0
3094,1325,3.64,-11.83,0.0
3095,1325,3.64,-11.83,0.0
3096,1325,3.64,-11.83,0.0
3097,1325,3.64,-11.83,0.0
3098,1325,3.64,-11.83,0.0
3099,1325,3.64,-11.83,0.0
3100,1325,3.64,-11.83,0.0
3101,1325,3.64,-11.83,0.0
3102,1325,3.64,-11.83,0.0
3103,1325,3.64,-11.83,0.0
3104,1325,3.64,-11.83,0.0
3105,1325,3.64,-11.83,0.0
3106,1325,3.64,-11.83,0.0
3107,1325,3.64,-11.83,0.0
3108,1325,3.64,-11.83,0.0
3109,1325,3.64,-11.83,0.0
3110,1325,3.64,-11.83,0.0
3111,1325,3.64,-11.83,0.0
3112,1325,3.64,-11.83,0.0
3113,1325,3.64,-11.83,0.0
3114,1325,3.64,-11.83,0.0
3115,1325,3.64,-11.83,0.0
3116,1325,3.64,-11.83,0.0
3117,1325,3.64,-11.83,0.0
3118,1325,3.64,-11.83,0.0
3119,1325,3.64,-11.83,0.0
3120,1325,3.64,-11.83,0.0
3121,1325,3.64,-11.83,0.0
3122,1325,3.64,-11.83,0.0
3123,1325,3.64,-11.83,0.0
3124,1325,3.64,-11.83,0.0
3125,1325,3.64,-11.83,0.0
3126,1325,3.85,-9.71,2.1303755537463336
3127,1325,4.32,-5.04,4.693591375482106
3128,1325,4.98,1.6,6.672720584589168
3129,1325,5.82,9.99,8.431945208550635
3130,1325,6.83,20.05,10.110573673140411
3131,1325,7.98,31.52,11.527506235088314
3132,1325,9.1,42.78,11.315564502047613
3133,1325,10.23,54.11,11.386210958874774
3134,1325,11.3,64.78,10.723516214376703
3135,1325,12.37,75.47,10.743416588776586
3136,1325,13.52,86.97,11.557356964289024
3137,1325,14.67,98.5,11.587208464509475
3138,1325,15.77,109.49,11.044912856152369
3139,1325,16.94,121.11,11.678754214384345
3140,1325,18.03,132.07,11.014068276527064
3141,1325,19.09,142.67,10.652868158388138
3142,1325,20.18,153.53,10.91456366512195
3143,1325,21.33,165.01,11.537456392116928
3144,1325,22.39,175.66,10.702621174273157
3145,1325,23.49,186.64,11.034962618876412
3146,1325,24.6,197.72,11.13546137346811
3147,1325,25.67,208.41,10.743416588776586
3148,1325,26.84,220.17,11.818058216136853
3149,1325,28.02,231.92,11.809102421437457
3150,1325,29.18,243.59,11.727510392235871
3151,1325,30.27,254.4,10.86481477062541
3152,1325,31.36,265.39,11.043921405008259
3153,1325,32.43,276.02,10.683716581789312
3154,1325,33.59,287.65,11.687707217414369
3155,1325,34.75,299.25,11.657855720500255
3156,1325,35.91,310.87,11.677756633874509
3157,1325,37.0,321.77,10.954364427021748
3158,1325,38.16,333.33,11.618054914657618
3159,1325,39.24,344.18,10.903618665378962
3160,1325,40.38,355.51,11.387207734998059
3161,1325,41.5,366.74,11.285712206148109
3162,1325,42.57,377.43,10.743416588776586
3163,1325,43.67,388.46,11.08471470088425
3164,1325,44.75,399.21,10.804114956811594
3165,1325,45.83,410.0,10.843915344560767
3166,1325,46.96,421.36,11.416063244393854
3167,1325,48.1,432.72,11.417057414237712
3168,1325,49.28,444.49,11.829002493870714
3169,1325,50.36,455.36,10.923520494785556
3170,1325,51.46,466.36,11.05486318323298
3171,1325,52.63,477.99,11.688703948684811
3172,1325,53.79,489.67,11.737461395037691
